{"table":{"objects":[{"kind":"card","id":"obj-2","cardId":"70a105af-69bf-4f3b-9bcf-5af82a4c5b03","pose":{"x":578.083381652832,"y":595.4165649414062,"rot":0},"faceUp":true,"z":20},{"kind":"card","id":"obj-1","cardId":"bef311d8-f4d7-46a2-b768-19fad8ddfffa","pose":{"x":131.28478410555067,"y":580.249755859375,"rot":0},"faceUp":true,"z":21}],"zCounter":21},"hands":{"1":{"objects":[],"zCounter":6},"2":{"objects":[],"zCounter":13}},"scores":{"1":0,"2":0},"inPlay":["bef311d8-f4d7-46a2-b768-19fad8ddfffa","70a105af-69bf-4f3b-9bcf-5af82a4c5b03"],"nextObjectId":3}
